,mix1,mix2,mix3,mix4,mix5
gene1,0.388303611418959,0.326792461188403,0.375165932765679,0.32186095118568,0.28374170840666
gene2,1.00372820310184,1.43788682922897,1.04212759101578,1.39843033963433,1.08731555435224
gene3,3.35064499916234,3.0881887582304,3.33063978088642,3.37177093000723,3.51103289562745
gene4,73.5701024779632,47.8061060445168,8.8976853720927,57.2623928119793,122.060917828618
gene5,3.56799733511383,4.83652842558836,4.79378691867257,3.9888560640046,2.60565858941383
gene6,29.4402517965758,31.2776695630767,28.731457684305,23.3537866718934,30.6830919182347
gene7,10.4793131861557,11.2289520691682,10.8089473740156,10.3506042439919,10.1908758630026
gene8,13.8446111517867,11.5158032295446,8.58921560515203,12.3061869887821,13.5502910518478
gene9,4.03933442318842,3.45492252023072,4.04345505314121,3.97997714121327,4.06768647624205
gene10,1.48483393548885,1.94623065774426,2.41565175597457,1.54493256569127,1.01150670096115
gene11,0.532391115027252,0.956775705812712,0.683635699706349,0.887892279132911,0.617300663327467
gene12,5.11632745863345,6.39787018459961,6.9822548598057,6.10425941903876,2.8894002978205
gene13,1.48971825764506,1.50506083513992,1.94461008483544,1.1897756540381,1.82374441586571
gene14,2.92082464941557,2.42734178116052,3.38483041561924,4.38396812821875,4.53120346554758
gene15,396.221097634181,440.743176891125,456.33933508508,396.421705325867,358.29863273318
gene16,7.16041628100873,8.95048240921569,7.05311953599477,10.945492071011,8.35196967645865
gene17,104.949430170556,111.445306833612,154.99980512214,115.064180183532,69.5297143630703
gene18,6.31298638690572,8.58374864721538,4.40403119963267,10.3372858598049,14.6029511303642
gene19,3.85617234233042,4.15934182545906,6.16522682844933,4.36177082124042,3.32475971300934
gene20,11.1362545161664,11.8208095266538,12.5367949199198,10.0043262551301,6.10369568160282
gene21,0.857198538415438,0.437538795257806,0.977515680372798,0.577129981436392,0.556653580614593
gene22,2.81336956197887,3.34962272718113,3.30354446352001,2.63260060762908,1.71761202111818
gene23,9.71003244655208,9.25911973367141,7.83263097407457,8.01988701126802,7.76715852172736
gene24,0.764396417447385,0.566440266059898,1.07339141874625,0.625964056788702,0.604304859888994
gene25,0.415167383278132,0.0599119512178738,0.0750331865531359,0.694775708421503,0.54365777717612
gene26,0.256426913201199,0.130716984475361,0.248026366661755,0.153161418150427,0.210098822255313
gene27,0.16118263115504,0.186997908346697,0.354323380945364,0.255269030250712,0.168945444700149
gene28,5.97108383597079,4.95816784169737,6.74256551387207,6.49049256046158,5.75280898876404
gene29,8.2129877056727,7.56887650385806,6.39032638810874,8.14641166104446,8.33247597130093
gene30,1.30655617678706,1.56134175901126,2.3385343142394,1.83793701780513,0.944361716529038
gene31,11.6613191479593,14.1029102139528,10.5192359037132,10.7368373854147,14.8433734939759
gene32,13.1388266002138,11.8916145599113,6.61125743740409,11.2207386775422,16.1884391498579
gene33,3.61439839559786,3.42950532880496,3.62451976155287,4.61703985149114,2.5753350480574
gene34,5.90026116470569,6.07107772341121,10.3900120824273,7.25629965121372,6.34195207797482
gene35,0.703342390494718,0.677186600129301,0.370997422401616,0.812421435406614,0.441857316908082
gene36,0.297943651529013,0.337685543228016,0.122971055739862,0.266367683739873,0.251252199810478
gene37,0.0854756377337331,0.156134175901126,0.0812859520992306,0.217533608387563,0.162447542980912
gene38,1.79987271456461,2.58892249808146,1.60696074534633,2.3862105001697,2.31108704480845
gene39,4.0320079399541,4.34270870645922,3.59950869936849,3.0809862085912,2.29159333965074
gene40,4.27133972560855,4.50610493705342,6.10061491780636,5.36730882735845,3.36374712332476
gene41,8.03959426912713,6.48138381356998,8.8580845236341,8.96993174994023,7.26032218762691
gene42,77.5605936795894,60.2224040560028,11.8865073031259,68.807212171405,114.350074455124
gene43,5.20912957960151,6.64659555783745,7.14691101918619,4.91892322639633,4.331934479491
gene44,3.40193038180258,4.21017620831059,4.01844399095683,3.63369915235144,2.3327467172059
gene45,13.7469247086624,10.3103021504941,7.68048034578627,10.9144158412413,14.3213753891972
gene46,10.349878649016,9.15745096796835,6.0047391794329,10.0021065244322,10.8623257073237
gene47,7.44859128822532,5.96214690301508,5.36695709373125,10.4860078165597,10.2363611750372
gene48,2.64241828651141,2.14956818915038,3.14514106968561,2.40396834575236,2.29375930689048
gene49,12.5356128139215,14.7220003765375,15.5443751475913,13.2984066107132,11.2283741708407
gene50,3.57288165727004,4.1157694973006,4.38944141335845,3.83569464585418,3.61066738865575
gene51,5.27262576763228,5.08343828515293,5.91303195142352,6.78127728187761,5.12467848923785
gene52,9.19717862014969,11.6555977823864,6.26110256682278,8.39946096059734,11.5034520102883
gene54,22.0209664412878,24.2625247295656,29.7506584683184,19.6024417925568,18.7616082306755
gene55,12.9800861301369,12.0423021947926,19.6920429598341,13.7023975977186,10.7800189522134
gene56,0.156298308998826,0.130716984475361,0.210509773385187,0.19533630140924,0.0324895085961825
gene57,3.05514350871143,2.61070866216068,3.02217001394575,3.26300412581345,1.95153648301069
gene58,2.90372952186882,3.24250742045826,4.14349930187873,3.26522385651128,2.80709354271017
gene59,17.8473131588035,16.9623442493514,15.5193640854069,13.0320389269733,13.3466901313118
gene60,18.4627377504864,16.6046880557174,28.1707930403385,21.453697194549,14.1914173548125
gene61,6.10784485634476,7.13678424962006,7.22611271610339,6.88116516328006,4.3081088398538
gene62,0.236889624576346,0.179735853653621,0.223015304477376,0.75026897586731,0.383376201434953
gene63,18.2844599917846,17.2945832515596,8.78930410262705,15.5580924611064,20.6936510085285
gene64,2.87198142785343,3.6782307020428,2.71578450218711,3.15423732161967,2.43887911195343
gene65,0.349229034169252,0.167027257940739,0.560664643966488,0.52607617538625,0.385542168674699
gene66,36.9621079171443,33.9083488756433,25.2945208891349,31.7599068245842,44.0146202788683
gene67,5.060157753837,4.83652842558836,5.38779964555157,4.00883364028509,3.77311493163666
gene68,0.388303611418959,0.107115306722865,0.0729489313711044,0.30188337490519,0.0909706240693109
gene69,4.77442490769852,4.26282610483539,7.55959354522844,4.36621028263609,3.85975362122648
gene70,26.2288099788655,22.8518706054357,16.5635759316048,25.8265666692785,28.5409503181264
gene71,38.329718120884,51.4516575004407,41.5079419501584,37.1849286500863,40.4884256125626
gene72,2.68149286376111,3.58382399103281,2.8074917301965,2.82127771694482,2.07932855015568
gene73,0.00488432215621332,0.0472033555049915,0.00416851036406311,0.217533608387563,0.004331934479491
gene74,1.37249452589594,0.947698137446368,1.02336929437749,1.22973080659908,0.628130499526195
gene75,4.11748357768783,5.1669519141233,5.41697921810001,5.60260028132867,5.28279409773927
gene76,4.42275371245116,3.47307765696341,4.8417247878593,3.59374399979046,3.09516718559632
gene77,2.0904898828593,2.26757657791286,2.43441005261285,1.86013432478345,1.91471503993502
gene78,4.38367913520146,5.19963116024214,3.39942020189346,3.92226414306963,3.87708135914444
gene79,9.50244875491302,10.6516187210687,10.1148903983991,9.25405727926277,10.1670502233654
gene80,7.06517199896257,8.21338385786852,9.42083342278262,5.91780204042085,3.65831866793015
gene81,0.442031155137306,0.212415099772462,0.28137444957426,0.239730915365886,0.266413970488696
gene82,12.638183579202,13.2841135473086,15.5985657823241,12.3727789097171,9.41545959117368
gene83,3.68766322794106,2.77592040642815,3.78083890020524,3.64035834444494,3.50236902666847
gene84,4.08817764475055,4.1684193938254,4.5978669315616,3.58042561560346,3.46771355083254
gene85,8.56954322307628,9.05215117491875,9.38748533987012,7.20968530655924,7.12386625152295
gene86,17.515179252181,15.9329479966079,19.0438395982223,15.6934960336742,14.5098145390551
gene87,13.0264871906209,12.9228263263281,13.5289003865668,12.0309403822509,10.2450250439962
gene88,0.315038779075759,0.526498965247982,0.796185479536053,0.554932674458069,0.599972925409503
gene89,3.25540071711618,3.8125787138647,4.40403119963267,3.17643462859799,2.38906186543929
gene90,11.3707019796646,12.3109982184364,17.5223333153393,14.7279131801172,10.3879788818194
gene91,2.47635133320015,3.4331363561515,4.0163597357748,3.65367672863193,2.61432245837282
gene92,7.06761416004068,7.48354736121442,5.34611454191093,4.69916988731093,7.18667930147557
gene93,2.51786807152797,3.16625584618097,2.92212576520824,3.41394581326604,2.67280357384595
gene94,0.823008283321945,0.597303998505469,1.17760417784783,0.803542512615285,0.734262894273724
gene95,0.446915477293519,0.221492668138806,0.575254430240709,0.772466282845633,0.883714633816164
gene96,0.649614846776372,1.05299793049596,1.12341354311501,0.699215169817168,0.37038039799648
gene97,3.33110771053749,4.01773175894408,4.51658097946237,3.23636735743946,3.76228509543793
gene98,1.27969240492789,2.10054931997212,3.29103893242782,2.26190558109109,2.38906186543929
gene99,0.0659383491088798,0.18155136732689,0.168824669744556,0.188677109315744,0.301069446324624
gene100,0.840103410868691,0.797010502565048,1.11716077756891,1.31852003451237,0.667117909841614
gene101,0.376092806028426,0.107115306722865,0.237605090751597,0.54605375166674,0.357384594558007
gene102,9.29730722435205,10.3211952325337,11.1069958650461,10.0065459858279,9.21185867063761
gene103,0.185604241936106,0.286851160376487,0.237605090751597,0.148721956754763,0.047651279274401
gene104,10.4573337364527,13.4166460454572,12.6639344860237,11.9665681920138,7.29930959794233
gene105,4.87211135082279,5.90586597914374,5.44824304583048,4.12869909796804,3.83809394882902
gene106,3.10642889135167,1.78828096816987,2.52611728062224,3.08542566998687,2.16380127250575
gene107,2.21015577568653,0.90957235030772,0.583591450968835,2.05547062619269,3.06700961147963
gene108,1.47262313009832,1.19460799701094,1.76953264954479,1.37845276335384,1.11980506294842
gene109,10.2375392394231,10.6498032073954,13.7143990977676,8.63253268386973,8.75483958305131
gene110,3.9953755237825,3.56203782695359,3.88922016967088,3.98441660260894,3.37674292676323
gene111,10.2155597897202,12.3019206500701,3.04718107613013,14.4016127675358,16.2079328550156
gene112,2.17352335951493,1.88268767917985,1.50066373106272,1.91562759222926,1.92121294165426
gene113,1.41889558637997,0.666293518089688,1.27347991622128,0.617085133997373,0.894544470014891
gene114,8.42789788054609,8.72354320005708,9.81058914182252,8.09091839359865,5.79179639907946
gene115,10.6795703945604,9.33355579427543,6.49662340239235,10.0442814076911,10.2796805198321
gene116,1.77789326486165,1.55407970431818,1.34851310277441,1.1831164619446,1.87356166237986
gene117,5.84897578206545,6.42873391704519,7.57626758668469,6.03766749810379,3.69947204548531
gene118,1.67776466065928,2.64157239460625,2.22390027922767,1.99109843595555,2.90889400297821
gene119,0.517738148558612,1.10383231334749,0.558580388784456,0.235291453970221,0.545823744415866
gene120,7.24833407982057,5.88407981506452,7.51790844158781,5.52047024550887,4.5463652362258
gene121,6.0858654066418,9.07938388001779,5.15853157552809,7.83564936334794,7.93393799918776
gene122,0.791260189306558,1.51413840350627,0.691972720434475,1.36957384056252,1.37538919723839
gene123,2.90128736079071,2.24942144118017,2.62616152935976,2.57044814808978,3.44605387843509
gene124,8.72339937099699,9.55504846241424,11.1987030930555,11.5869942426845,9.5974008393123
gene125,2.44948756134098,1.8155136732689,1.18385694339392,1.86901324757478,2.88723433058075
gene126,2.42262378948181,3.00467512926004,2.98048491030512,2.73470821972937,2.1183159604711
gene127,2.51054158829365,2.81767722091334,3.53281253354348,2.29076208016291,1.24543116285366
gene128,1.60938415047229,2.03337531406117,1.49649522069865,1.89565001594876,1.95586841749019
gene129,1.86092674151728,1.16555977823864,1.51108500697288,1.09876669542698,1.50101529714363
gene130,2.94280409911853,2.7087464005172,4.03094952204902,3.00107590346924,2.43454717747394
gene131,0.840103410868691,0.644507354010461,1.17135141230173,1.4716814526628,0.823067551103289
gene132,0.945116337227278,0.72802098298083,1.00461099773921,0.892331740528576,0.470014891024773
gene133,4.85013190111983,3.48760176634956,2.9200415100262,5.87118769576637,5.09652091512116
gene134,6.39846202463945,6.51950960070863,7.64087949732767,7.10091850236546,6.57154460538784
gene135,9.1654305261343,9.83645308177092,10.9694350230321,11.3783395570883,8.83714633816163
gene136,45.8198261474372,36.8531120536855,15.3838874985749,40.0195247512181,63.06430215243
gene137,2.60090154818359,2.93931663702235,4.70416394584521,3.02771267184323,1.77609313659131
gene138,1.17956380072552,1.15648220987229,1.5590228761596,1.60708502523057,1.15229457154461
gene139,1.42377990853618,1.03484279376327,1.3276705509541,0.72141247679549,1.36022742656017
gene140,0,0,0,0.0488340753523101,0.060647082712874
gene141,3.63393568422271,4.1974676125977,3.98718016322636,3.74246595654522,5.10735075131989
gene142,4.42031155137306,4.56420137459802,5.71085919876645,3.55822830862514,5.74631108704481
gene143,5.34833276105359,4.83652842558836,5.97555960688446,5.1919501022297,5.8935968593475
gene144,0.0610540269526665,0.143425580188243,0.177161690472682,0.377354218631487,0.28374170840666
gene145,0.00976864431242664,0.107115306722865,0.00625276554609466,0.0133183841869937,0.038987410315419
gene146,0.664267813245012,1.04210484845635,1.57986542797992,1.38067249405168,1.00717476648166
gene147,0.290617168294693,0.190628935693235,0.3897557190399,0.162040340941756,0.147285772302694
gene148,3.14794562967949,2.41644869912091,2.68243641927461,3.03215213323889,1.92554487613375
gene149,1.25282863306872,1.14377361415941,1.31933353022597,0.934506623787389,0.942195749289292
gene150,19.1172369194189,16.804394559777,24.5629473202418,19.6956704818658,18.0186814674428
gene151,0.739974806666318,0.550100643000478,1.24013183330877,0.645941633069193,0.576147285772303
gene152,5.27018360655417,5.0326039023014,4.81879798085695,5.41392317201293,4.0178692297279
gene153,2.37378056791967,1.92444449366504,2.59698195681132,1.77134509687016,1.03533234059835
gene154,1.05501358574208,0.593672971158931,0.648203361611813,1.17645726985111,0.619466630567213
gene155,6.9284109785886,7.78492263097706,7.77844033934175,7.03210685073265,6.07770407472587
gene156,23.9649266594607,26.4011998366764,37.1143320264359,29.711095390485,24.7201841072154
gene157,7.49010802655313,6.86445719862972,6.76132381051036,7.33177049494001,9.79450385812915
gene158,5.42892407663111,3.70183237979529,2.99715895176137,5.86452850367288,7.4357655340463
gene159,2.97455219313391,3.73814265326067,3.47028487808253,4.13091882866587,3.70813591444429
gene160,8.93830954587038,9.72207572035497,8.63298496397469,8.49712911130196,8.53391092459727
gene161,2.43971891702855,2.97199588314119,2.75538535064571,2.75468579600986,1.8757276296196
gene162,5.40694462692815,5.14698126371734,3.33480829125048,4.85455103615919,6.33112224177609
gene163,7.75630358406675,8.6872329265917,9.40207512614433,7.81123232567178,8.5923920400704
gene164,11.0043778179486,8.15710293399718,10.0127618944796,9.05872097785352,8.56640043319345
gene165,0,0.0490188691782604,0,0,0.0368214430756735
gene166,1.39935829775512,1.28901470802092,2.13844581676437,1.49387875964112,1.09381345607148
gene167,17.5127370911029,12.004176407654,4.7166694769374,13.7978460177254,18.6186543928523
gene168,408.092442634857,420.284153307058,497.432510254014,412.776681107495,357.356436983891
gene169,4.13457870523458,3.64010491490415,5.80881919232194,4.69916988731093,3.19263571138487
gene170,2.13689094334333,1.85182394673428,2.34061856942143,1.69809398384169,1.17395424394206
gene171,1.78277758701786,1.98798747222945,2.40939899042847,2.51495488064397,1.64180316772709
gene172,0.227120980263919,0.192444449366504,0.264700408118007,0.364035834444494,0.212264789495059
gene173,3.16748291830434,3.76174433101317,3.03259128985591,3.32515658535275,2.88723433058075
gene174,3.50450114708306,4.52244456011284,5.05848732679058,4.87896807383535,2.52984973602274
gene175,0.280848523982266,0.482926637089528,0.929577811186073,0.803542512615285,0.480844727223501
gene176,6.04190650723588,7.91563961545242,10.635954193907,7.25407992051588,5.174495735752
gene177,22.9074709126405,25.4371620761706,27.4871573406321,23.0474638355925,20.9968864220929
gene178,0.744859128822532,1.22910275680305,1.40270373750723,1.24526892148391,0.4570190875863
gene179,25.300788769185,23.0715477599012,25.7801523465483,24.8365667780454,25.0537430621362
gene180,5.79524823834711,5.87681776037144,6.06726683489385,5.54710701388286,4.61134425341817
gene181,5.05527343168079,5.55728735387611,2.53445430135037,6.3750665641743,8.08555570596994
gene182,9.60257735911539,8.74169833678977,7.92433820208396,7.00547008235867,7.86246108027616
gene183,2.65218693082383,2.54898119726954,2.23640581031986,2.60596383925509,2.03600920536077
gene184,1.81208351995514,2.44186589054668,3.45569509180832,2.23748854341494,2.32841478272641
gene185,5.03085182089972,8.09355995543277,6.75507104496426,4.53934927706701,2.99986462704752
gene186,0.261311235357413,0.373995816693394,0.591928471696961,0.665919209349683,0.168945444700149
gene187,7.58535230859929,5.85503159629221,6.41325319511109,6.15975268648457,5.11601462027887
gene188,10.4377964478279,10.4628052990487,17.8766566962846,11.6957610468783,7.98375524570191
gene189,1.47262313009832,2.4055556170813,1.95086285038153,1.31630030381454,0.885880601055909
gene190,1.3553993983492,1.29990779006053,0.869134410907158,1.10986534891614,0.671449844321105
gene191,3.21876830094458,3.01375269762638,2.39272494897222,4.69916988731093,5.08352511168269
gene192,138.619504954412,130.008934142786,31.31176559966,135.667720520811,249.746852578855
gene193,0.857198538415438,1.24181135251593,0.929577811186073,0.741390053075981,0.994178963043184
gene194,0.315038779075759,0.112561847742672,0.060443400278915,0.0776905744241297,0.0368214430756735
gene195,1.58740470076933,1.63577781961528,1.40895650305333,1.25414784427524,0.875050764857181
gene196,6.94550610613534,4.91096448619238,3.84545081084821,4.82347480638954,8.32814403682144
gene197,2.10758501040605,1.93352206203138,2.66367812263632,2.3795513080762,2.26343576553405
gene198,7.12134170375902,3.30786591269594,3.63494103746303,3.33181577744625,5.14850412887505
gene199,2.94036193804042,3.58019296368628,4.14766781224279,3.32071712395709,2.4757005550291
gene200,9.35836125130472,10.3920002657912,10.5546682418078,9.8755818746558,8.77866522268851
gene201,2.61311235357413,2.61615520318049,2.70744748145899,2.61484276204642,2.22228238797888
gene202,0.275964201826053,0.559178211366822,0.270953173664102,0.439506678170791,0.385542168674699
gene203,1.08431951867936,2.94657869171543,2.95964235848481,2.84347502392315,2.55800731013943
gene204,5.38740733830329,5.49919091633151,5.42114772846407,5.35842990456712,3.64315689725193
gene205,39.1209783101906,47.3867223859916,44.6968523786666,42.7386948560627,37.7246514146473
gene206,0.957327142617811,1.18371491497132,1.04629610137984,1.12318373310313,0.58697712197103
gene207,22.2309922940049,22.2999544487619,36.263955912167,23.8709839244883,12.9893055367538
gene208,832.97230052062,915.363838925448,1222.63867956598,964.162225910428,724.383917693245
gene209,9.95180639328464,9.89999606033533,8.70384964016376,9.56038011556362,8.59455800731014
gene210,14.3037374344707,14.475090516973,4.02469675650293,11.9954246910856,27.4752944361717
gene211,0.801028833618985,0.66266249074315,0.358491891309427,0.310762297696519,0.517666170299174
gene212,0,0.0163396230594201,0.0812859520992306,0,0
gene213,22.9807357449837,21.6445540127119,30.4176201265685,27.3914768112503,20.8322729118722
gene214,3.51182763031738,3.12268351802251,5.19396391362263,4.81903534499387,3.93556247461757
gene215,5.04794694844647,5.08162277147966,4.16017334333498,3.82237626166718,2.68363341004467
gene216,5.1334225861802,5.70252844773762,5.43990602510235,6.82789162653209,4.76079599296061
gene217,20.1917877937859,24.5983947591204,31.0991715710928,21.4204012340815,16.7580885339109
gene218,1.67776466065928,2.26576106423959,2.34687133496753,1.94448409130108,1.70678218491945
gene219,2.68637718591733,2.82675478927968,1.30057523358769,2.19309392945829,3.06051170976039
gene220,1.60694198939418,2.55079671094281,1.65906712489712,4.33513405286644,2.17463110870448
gene221,4.96491347179084,4.35178627482556,4.49365417246003,5.12979764269039,3.21212941654257
gene222,14.4185190051417,12.0277780854065,3.36607211898096,13.234034420476,20.5030458914309
gene223,11.356049013196,12.8193420469517,13.4205191171012,11.5248417831452,9.80749966156762
gene224,3.69743187225348,3.75629778999336,4.5645188486491,4.79461830731772,3.24028699065927
gene225,0.466452765918372,0.366733762000318,0.556496133602425,0.293004452113861,0.320563151482334
gene226,1.52146635166045,1.27449059863477,1.83414456018777,1.0521523507725,1.3234059834845
gene227,3.21388397878837,1.96983233549676,3.72247975510835,3.33847496953975,2.6229863273318
gene228,10.6746860724042,10.7478409457519,15.2275683599225,11.0942140277657,10.7951807228916
gene229,0.906041759977571,0.593672971158931,0.779511438079801,0.736950591680316,0.864220928658454
gene230,15.5590082286175,16.4503693934895,18.5998932444496,13.4937429121224,11.7157167997834
gene231,5.02596749874351,3.58563950470608,5.24607029317342,4.40616543519707,4.98605658589414
gene232,4.78419355201095,3.68912378408241,1.87166115346433,3.7202686495669,5.16366589955327
gene233,3.29691745544399,2.89937533621044,3.09303469013482,3.18309382069149,2.79842967375119
gene234,6.94794826721345,8.12260817420507,9.02899344856068,6.76573916699278,5.14200622715581
gene235,7.42172751636614,4.8982558904795,0.906651004183725,5.15199494966872,9.39596588601598
gene236,7.36799997264779,6.26896871379752,4.93968478141478,5.83345227390323,8.2783267903073
gene237,1.97082399003208,2.13322856609096,2.81999726128869,2.46834053598949,1.22160552321646
gene238,0.634961880307732,0.806088070931393,1.07547567392828,0.81908062750011,0.792744009746853
gene239,2.78894795119781,2.30207133770497,0.954588873370451,2.65923737600307,3.86841749018546
gene240,5.84164929883113,9.62040695465192,10.1649125227679,5.65143435668098,3.88357926086368
gene241,1.10629896838232,0.729836496654099,1.13800332938923,0.989999891233196,0.708271287396778
gene242,5.50707323113052,6.21087227625292,7.07396208781509,5.20304875571886,3.56518207662109
gene243,112.771672103731,100.301683907087,94.6460278160529,101.259674973713,126.962501692162
gene244,12.433042048641,13.6526628229821,15.984152991,13.7712092493515,11.8391769324489
gene245,23.1370340539825,19.2716776417494,8.62881645361063,19.9265224744404,34.0446730743198
gene246,2.20527145353031,2.34201263851689,1.94252582965341,2.08210739456668,1.81074861242724
gene247,1.97326615111018,2.65609650399241,2.81791300610666,2.15091904619948,1.81291457966698
gene248,1.89755915768888,2.77228937908162,2.86376662011135,2.62372168483775,2.04900500879924
gene249,1.30411401570896,0.639060812990654,1.61112925571039,0.987780160535364,0.810071747664816
gene250,4.49846070587247,5.80601272711395,5.54411878420393,3.507174502575,3.57384594558007
gene251,13.1901119828541,11.9333713743965,12.6931140585722,13.2229357669869,10.2428590767565
gene252,3.18457804585109,4.20654518096405,6.82176721078927,6.13311591811058,3.91606876945986
gene253,1.33586210972434,1.64303987430836,1.93210455374325,1.42950656940399,1.20644375253824
gene254,2.10758501040605,2.18043192159595,1.81538626354948,1.57600879546092,1.80208474346825
gene255,5.44113488202164,5.80782824078722,7.51582418640578,4.68585150312394,6.28130499526195
gene256,3.5191541135517,4.22833134504328,5.56704559120628,3.94002198865229,2.94138351157439
gene257,5.38008085506897,5.11611753127177,6.30487192564545,4.82347480638954,2.49736022742656
gene258,3.6314935231446,3.79805460447855,5.05848732679058,4.73468557847625,4.18031677270881
gene259,1.38714749236458,2.5163019511507,2.10509773385187,2.29520154155858,1.89738730201706
gene260,30.2095325361794,28.7577365845794,22.5078717107587,28.1328668643263,38.365777717612
gene261,8.97738412312008,10.6225705022963,9.78140956927408,10.825626613328,14.7047515906322
gene262,15.9204480681773,11.0328765924551,4.44988481363737,12.4704470604217,18.2764315689725
gene263,0.964653625852131,1.34711114556553,1.10048673611266,1.22751107590125,1.28658454040883
gene264,1.81696784211136,1.71202939389258,2.74704832991759,1.91340786153142,1.59198592121294
gene265,1.29922969355274,0.493819719129142,0.554411878420393,1.24970838287957,0.465682956545282
gene266,2.90372952186882,1.91536692529869,1.54234883470335,2.63260060762908,2.24827399485583
gene267,5.91491413117433,5.12701061331138,2.99299044139731,5.33179313619313,4.6416677947746
gene268,2.06118394992202,2.02429774569483,3.18682617332624,2.6681162987944,1.53350480573981
gene269,3.32622338838127,3.05187848476503,3.6662048651935,2.92560505974294,3.28793826993367
gene270,10.738182260435,13.3040841977145,13.8519599397817,9.52042496300264,6.14268309191823
gene271,20.3285488141598,20.166725882671,27.080727580136,20.9298407498605,16.3725463652362
gene272,2.81092740090077,2.57802941604184,3.18265766296218,2.73248848903153,1.91471503993502
gene273,0.246658268888773,0.533761019941057,0.731573568893075,0.534955098177579,0.305401380804115
gene274,11.8225017791143,12.9300883810211,14.0207846095263,10.1086535979282,6.1123595505618
gene275,0.525064631792932,1.1673752919119,0.704478251526665,0.537174828875411,0.751590632191688
gene276,5.58522238562993,6.74463329619398,5.79422940604772,5.24966310037334,6.50006768647624
gene277,3.08444944164871,3.92150953426083,4.18310015033733,3.163116244411,3.24028699065927
gene278,2.58380642063685,3.63284286021108,4.54367629682879,3.58042561560346,2.36523622580209
gene279,7.67815442956734,7.59974023630363,7.22819697128543,8.403900421993,6.6646811966969
gene280,1.2479443109125,0.777039852159091,0.666961658250097,0.901210663319905,0.916204142412346
gene281,2.99408948175877,2.81949273458661,2.83041853719885,3.13425974533918,2.22444835521863
gene282,7.05540335465014,6.13462070197562,7.58668886259485,7.0831606567828,5.6553404629755
gene283,4.92828105561924,4.14844874341944,5.09808817524918,4.64145688916729,5.96074184377961
gene284,9.15810404289998,9.99803379869185,11.0673950165875,11.3073081747576,7.27331799106538
gene285,1.96105534571965,2.4636520546259,3.86837761785056,2.34181588621305,1.1089752267497
gene286,2.27609412479541,2.12596651139789,2.0279802921167,2.32405804063039,2.06200081223772
gene287,16.0376717999264,14.6403022612404,16.4260150895907,16.2484287081323,13.2059022607283
gene288,2.04408882237528,1.43970234290224,1.98421093329404,2.19309392945829,1.45119805062948
gene289,8.5060470350455,7.96284297095741,10.5129831381672,8.42609772897133,6.26181129010424
gene290,0.893830954587038,1.54681764962511,1.35476586832051,1.00109854472236,0.842561256260999
gene291,458.652503434899,527.30323780524,638.130156317054,497.18860008466,353.637471233247
gene292,3.17725156261677,3.00285961558677,4.93134776068665,4.02215202447209,3.04318397184243
gene293,0.593445141979919,0.559178211366822,0.76492165180558,0.690336247025838,0.405035873832408
gene294,67.2790955407604,65.8559429841562,90.2503336371482,73.6173685936075,54.8379585758765
gene295,7.49255018763124,9.12658723552278,10.5567524969898,8.34618742384936,7.20184107215378
gene296,6.8551461462454,6.67564377660976,8.38704285249497,7.4960305665796,6.37010965209151
gene297,3.06491215302386,2.96473382844812,4.93343201586869,3.10984270766302,2.97603898741032
gene298,35.809407888278,35.2137032067236,20.9821969175116,29.0917905257898,49.821578448626
gene299,1.34563075403677,1.4360713155557,1.76327988399869,1.32517922660587,1.60714769189116
gene300,0.166066953311253,0.328607974861671,0.412682526042247,0.104327342798117,0.379044266955462
gene301,16.233044686175,15.1395685213894,21.0113764900601,18.4082266771231,21.0423717341275
gene302,0.964653625852131,1.29809227638727,1.66531989044321,1.9666813982794,0.792744009746853
gene303,5.13586474725831,6.76278843292667,6.76549232087442,5.14977521897088,4.34493028292947
gene304,6.62069868274716,5.01263325189544,4.86673585004367,4.86121022825269,5.04237173412752
gene305,0.420051705434346,0.274142564663604,0.518979540325857,0.401771256307642,0.385542168674699
gene306,32.3244440298198,28.9483655202727,16.0133325635484,28.8498398797261,38.8877758223907
gene307,195.099364207785,211.189628043005,248.080557296488,193.560516850975,143.460674157303
gene308,5.2799522508666,4.49884288236034,4.90633669850227,4.04434933145041,4.689319074049
gene309,2.97211003205581,6.57215949723343,8.38079008694887,6.34399033440465,3.66265060240964
gene310,0.700900229416612,0.724389955634292,0.289711470302386,0.395112064214145,0.229592527413023
gene311,1.69485978820602,2.22581976342768,3.90589421112713,3.52937180955332,2.60132665493434
gene312,6.00771625214239,6.07470875075775,5.90261067551336,5.91114284832736,6.46541221064031
gene313,2.81336956197887,3.1117904359829,3.95591633549589,2.63482033832691,2.12481386219033
gene314,3.06979647518007,3.07548016251752,1.66740414562524,2.35513427040005,3.78611073507513
gene315,0.649614846776372,1.66301052471432,1.00044248737515,0.563811597249399,0.506836334100447
gene316,0.148971825764506,0.0889601699901763,0.112549779829704,0.0710313823306329,0
gene317,3.99049120162628,3.56929988164666,4.57702437974129,2.30851992574557,1.67862461080276
gene318,20.3383174584723,19.1591157940067,9.14988024911852,19.0608275022858,27.8781643427643
gene319,0.229563141342026,0.154318662227857,0.0229268070023471,0.0843497665176265,0.201434953296331
gene320,2.66928205837058,3.52935858083475,3.00758022767153,2.49053784296782,2.40638960335725
gene321,4.8012886795577,6.0892328601439,6.22775448391028,5.65809354877448,6.40476512792744
gene322,3.85373018125231,3.71817200285471,4.17684738479123,3.7824211091062,2.60999052389333
gene323,5.18715012989855,4.89099383578642,6.50912893348454,5.01437164640312,2.6944632462434
gene324,6.40578850787377,8.58737967456191,6.49037063684626,7.69802606008234,8.04223636117504
gene325,6.83316669654244,6.91710709515452,7.96602330572459,5.26520121525816,2.9370515770949
gene326,1.48239177441074,2.14230613445731,2.07800241648546,1.50941687452595,1.34073372140246
gene327,28.7442358893154,24.4440760968925,15.721536838064,26.8853782121445,36.0438608366048
gene328,7.3313675564762,7.1694634957389,6.91347443879866,5.25188283107117,5.04453770136727
gene329,0.258869074279306,0.432092254237999,0.760753141441517,0.359596373048829,0.201434953296331
gene330,2.56182697093389,1.4360713155557,2.05507560948311,4.67253311893694,2.39555976715852
gene331,12.5282863306872,11.2979415887524,12.5472161958299,13.7423527502796,13.0261269798294
gene332,0.869409343805971,0.847844885416578,1.06505439801812,0.452825062357785,0.597806958169758
gene333,5.15295987480506,4.10850744260753,3.99343292877245,4.71914746359142,4.96223094625694
gene334,10.1032203801273,9.23370254224564,6.1297944903548,8.92553713598359,9.70353323405984
gene335,1.92442292954805,1.42699374718936,0.287627215120354,1.64482044709372,1.54650060917829
gene336,1.05745574682018,0.984008410911746,1.04212759101578,1.40508953172783,0.511168268579938
gene337,1.12339409592906,2.11144240201173,1.65073010416899,1.50053795173462,0.67361581156085
gene338,4.83547893465119,5.47740475225228,3.30354446352001,3.51827315606416,7.44442940300528
gene339,0.752185612056852,0.593672971158931,0.669045913432128,0.803542512615285,0.706105320157033
gene340,2.92082464941557,3.14446968210174,3.15139383523171,3.32959604674842,3.30959794233112
gene341,2.80115875658834,2.07331661487309,2.37188239715191,3.5138336946685,1.55949641261676
gene342,4.52288231665354,5.44654101980671,5.5816353774805,4.0576677156374,3.31609584405036
gene343,13.8836857290364,12.2746879449711,16.2655274405742,13.764550057258,9.92446189251388
gene344,1.46285448578589,1.5413711086053,1.80704924282136,1.66035856197854,1.28875050764857
gene345,5.17249716342991,6.29075487787675,5.84008302005241,5.46941643945873,4.7889535670773
gene346,0.678920779713652,0.459324959337032,0.562748899148519,0.361816103746661,0.485176661702992
gene347,1.14048922347581,1.92626000733831,1.81747051873151,1.95114328339457,2.09882225531339
gene348,12.0789286923155,10.3992623204843,11.4654877563556,11.4338328245341,9.87464464599973
gene349,0.730206162353892,0.762515742772939,0.883724197181378,0.601547019112547,0.238256396372005
gene350,4.79640435740148,4.33907767911268,3.86212485230447,2.36845265458704,3.88791119534317
gene351,8.84550742490232,8.6581847078194,9.27701981522244,7.9155596684699,5.86327331799107
gene352,1.83650513073621,0.973115328872132,0.679467189342286,1.2652464977644,1.86273182618113
gene353,4.79884651847959,4.96724541006372,7.64713226287377,6.68360913117299,2.33058074996616
gene354,0.725321840197678,0.980377383565208,0.825365052084495,0.756928167960807,0.721267090835251
gene355,2.67416638052679,2.03519082773444,3.36398786379893,3.31627766256142,2.36956816028158
gene356,16.2867722298933,19.2916482921554,27.0015258832188,17.7933612738235,11.6918911601462
gene357,2.83779117275994,4.14481771607291,6.68420636877519,4.26188293983797,4.99255448761337
gene358,8.5426794512171,8.30052851418543,5.73170175058677,7.87560451590892,8.72668200893462
gene359,9.07995488840057,9.54233986670136,12.5263736440096,9.42053708160018,4.82360904291323
gene360,4.05154522857895,3.95781980772621,5.61289920521097,5.02990976128794,2.71612291864086
gene361,20.6655670429386,19.8326713667895,22.4932819244845,20.5369484163442,20.0481927710843
gene362,7.26787136844542,5.96033138934181,4.46655885509362,7.86672559311759,9.11222417760931
gene363,6.86003046840161,7.34738383571925,5.85467280632663,8.08647893220299,7.99025314742114
gene364,19.3492422218391,20.8003401546418,23.581263129505,18.3571728710729,17.2064437525382
gene365,0.253984752123093,0.139794552841706,0.341817849853175,0.221973069783228,0.179775280898876
gene366,3.1894623680073,2.78136694744796,3.12846702822936,3.84679329934334,2.45620684987139
gene367,24.8050300703294,29.9741307456696,37.1310060678921,28.4969026987708,19.9810477866522
gene368,1.48239177441074,1.48327467106069,1.63405606271274,1.36735410986468,1.29091647488832
gene369,3.61439839559786,2.98833550620061,2.47192664588942,3.40284715977688,3.48287532151076
gene370,3.9221106914393,5.24138797472732,6.43201149174937,5.16309360315788,2.37173412752132
gene371,1.81452568103325,1.47601261636762,1.66740414562524,1.48943929824546,1.78692297279004
gene372,3.44344712013039,3.64010491490415,3.24935382878719,3.06322836300854,2.70745904968187
gene373,5.63894992934828,5.61719930509399,10.2461984748671,6.92555977723671,3.49153919046974
gene374,1.67532249958117,1.47964364371416,2.24057432068392,2.03993251130786,1.88872343305807
gene375,3.30668609975642,3.60379464143877,4.27063886798265,3.65589645932976,2.51252199810478
gene376,2.44216107810666,2.99922858824023,3.0846976694067,3.0121745569584,2.27209963449303
gene377,1.84627377504864,1.42699374718936,2.74913258509962,2.63704006902475,0.894544470014891
gene378,0.617866752760985,0.684448654822376,1.39853522714317,0.745829514471645,1.24759713009341
gene379,2.93059329372799,4.03770240935004,3.99343292877245,4.0576677156374,3.2944361716529
gene380,32.78845463466,34.4929442784359,21.0322190418804,33.3736510419083,38.8379585758765
gene381,1.34563075403677,1.33803357719918,1.07964418429234,1.38067249405168,1.8519019899824
gene382,3.03072189793037,4.03770240935004,3.34522956716064,3.15201759092183,4.39258156220387
gene383,6.62069868274716,6.59576117498592,5.84008302005241,6.55486475069871,8.04440232841478
gene384,3.49473250277063,3.37503991860689,3.11596149713717,3.34735389233107,2.23527819141736
gene385,1.74614517084626,2.113257915685,1.46939990333224,2.00219708944471,2.53851360498172
gene386,1.33586210972434,1.04392036212962,0.990021211464988,0.961143392161376,0.721267090835251
gene387,4.6572011759494,5.7333921801832,6.01932896570712,6.51490959813773,2.17896304318397
gene388,0.976864431242664,0.53012999259452,0.794101224354022,0.978901237744034,0.669283877081359
gene389,1.12095193485096,0.92772748704041,1.42563054450958,0.92562770099606,0.671449844321105
gene390,7.2971773013827,8.53472977803711,10.0231831703897,8.25517846523824,5.79179639907946
gene391,1.85848458043917,1.99888055426906,2.29684921059877,1.74470832849617,1.66562880736429
gene392,29.0861384402503,27.4414891714595,6.60708892704002,20.9742353638172,51.0583457425207
gene393,0.0390745772497066,0.228754722831882,0.437693588226626,0.168699533035253,0.0714769189116015
gene394,2.69858799130786,2.7087464005172,3.13263553859342,2.63038087693125,2.51685393258427
gene395,5.21157174067961,4.33544665176614,7.1010574051815,6.77239835908628,5.3412752132124
gene396,8.65013453865379,7.91927064279895,4.83755627749523,6.48383336836808,9.16420739136321
gene397,18.9829180601231,17.2709815738071,14.5897862742209,15.471522963891,15.2029240557737
gene398,4.35437320226418,3.97052840343909,4.99179116096557,3.81571706957369,2.24610802761608
gene399,1.05012926358586,1.11472539538711,1.08381269465641,1.15204023217495,0.571815351292812
gene400,3.98072255731386,3.40408813737919,3.8246082590279,3.3562328151224,2.99336672532828
gene401,1.16002651210066,1.40520758311013,1.68824669744556,1.96890112897723,0.814403682144308
gene402,0.105012926358586,0.270511537317067,0.0521063795507888,0.0177578455826582,0.0974685257885474
gene403,1.48483393548885,2.08239418323943,2.77622790246603,1.33627788009503,1.33206985244348
gene404,15.4881855573524,12.5343064002485,16.182157233293,16.450424201635,15.3502098280764
gene405,10.5305985687959,9.88547195094918,9.84810573509908,9.98212894815175,10.0825775010153
gene406,1.47018096902021,1.95712373978388,2.39897771451832,3.41172608256821,1.85406795722215
gene407,1.4311063917705,1.79917405020948,2.90753597893402,2.7990804099665,1.62230946256938
gene408,3.5557865297233,2.61252417583395,2.23015304477376,1.8290580950138,2.39122783267903
gene409,0.371208483872212,0.72802098298083,0.587759961332898,0.415089640494636,0.238256396372005
gene410,10.8285422203249,9.72570674770151,11.5030043496321,10.2240795942155,8.89129551915527
gene411,25.8331798842123,20.315598003879,9.16030152502867,20.1551547363171,31.1769324488967
gene412,1611.47708251623,1439.28477475739,1067.58676806429,1487.58360338207,1852.621091106
gene413,6.36427176954596,6.74826432354051,9.5646470303428,5.24300390827984,6.77514552592392
gene414,7.21902814688329,9.71662917933517,10.4858878208007,9.39168058252837,6.22065791254907
gene415,7.21902814688329,8.01367735380894,8.33285221776215,6.65475263210117,4.22147015026398
gene416,0.774165061759812,0.989454951931552,0.927493556004041,0.84793712657193,0.690943549478814
gene417,1.7583559762368,1.80643610490256,0.960841638916546,1.40730926242566,1.71761202111818
gene418,4.30064565854583,5.10703996290543,5.33777752118281,4.49939412450603,2.30025720860972
gene419,0.522622470714825,0.18155136732689,0.125055310921893,0.130964111172104,0.199268986056586
gene420,0.981748753398878,1.38886796005071,2.18221517558704,2.37511184668054,1.32124001624475
gene421,6.51080143423236,5.82416786384664,4.55409757273894,6.96329519909986,6.9029375930689
gene422,15.270833221401,16.1326545006675,20.2339493071623,15.1119265908421,11.8543387031271
gene423,10.2619608502042,10.3429813966129,12.2554204703455,11.1097521426505,8.70069040205767
gene424,12.9092634588718,9.97806314828589,4.62704650411005,12.7190568985789,20.7023148774875
gene425,0.0659383491088798,0.279589105683411,0,0.0221973069783228,0.021659672397455
gene426,3.57532381834815,3.21890574270577,3.49738019544895,4.03769013935691,3.40490050087992
gene427,0.10257076528048,0.0635429785644116,0.00416851036406311,0.0887892279132911,0.012995803438473
gene428,0.945116337227278,1.42517823351609,1.08381269465641,1.18533619264244,0.721267090835251
gene429,3.16504075722623,4.5714634292911,6.0443400278915,4.17309371192468,2.92622174089617
gene430,1.63869008340957,1.59038997778356,1.76953264954479,2.15313877689731,1.95586841749019
gene431,2.86709710569722,3.08455773088387,4.07888739123575,2.49053784296782,2.61215649113307
gene432,7.3704421337259,8.18796666644275,5.32318773490859,6.09538049624743,7.07188303776905
gene433,0.527506792871039,0.815165639297737,1.1692671571197,0.759147898658639,0.745092730472452
gene434,3.90745772497066,4.1920210715779,4.17267887442717,3.46499961931618,4.87775822390686
gene435,0.275964201826053,0.346763111594361,0.627360809791497,0.490560484220933,0.452687153106809
gene436,2.48123565535637,3.38956402799304,3.65369933410131,2.3107396564434,1.39921483687559
gene437,8.28869469909401,2.977442424161,1.78620669100104,4.87008915104402,5.56220387166644
gene438,0.510411665324292,0.379442357713201,0.414766781224279,0.463923715846946,0.108298361987275
gene439,0.505527343168079,0.384888898733007,0.210509773385187,0.597107557716883,0.290239610125897
gene440,0.395630094653279,0.501081773822217,0.385587208675837,0.694775708421503,0.578313253012048
gene441,1.56542525106637,1.53955559493203,1.08798120502047,1.43838549219532,0.820901583863544
gene442,12.5991090019523,12.3327843825157,8.25156626566292,12.30840671948,15.625287667524
gene443,1.92442292954805,1.88631870652639,1.38186118568692,4.03103094726342,1.26709083525112
gene444,6.2323950713282,6.07289323708448,6.08185662116807,5.16087387246004,4.29078110193583
gene445,3.88303611418959,4.4952118550138,5.65250005366957,3.74912514863872,2.83525111682686
gene446,1.95861318464154,2.18769397628903,1.3610186338666,1.21419269171426,1.91688100717477
gene447,1.58252037861312,1.64303987430836,2.05507560948311,1.8845513624596,1.36889129551916
gene448,8.07866884637684,6.81725384312473,9.63342745134984,7.86228613172193,5.73114931636659
gene449,0.593445141979919,0.283220133029949,0.585675706150866,0.696995439119335,0.448355218627318
gene450,207.285747987537,195.309329942922,216.604135537447,198.950022985311,169.142547718966
gene451,4.15411599385943,3.85978206936969,4.65414182147646,3.67587403561025,3.96588601597401
gene452,16.4967980826105,15.6642519729641,13.1120493501605,15.0320162857202,18.0403411398403
gene453,1.2455021498344,2.33293507015054,2.36771388678784,1.77800428896365,0.881548666576418
gene454,23.6352349139163,23.5544743969907,19.1126200192293,21.0053115935868,27.200216596724
gene455,4.22249650404642,3.27700218025037,3.09928745568092,3.83569464585418,3.06484364423988
gene456,0.510411665324292,0.375811330366663,0.0729489313711044,0.17535872512875,0.0151617706782185
gene457,6.18599401084417,6.85719514393665,5.92136897215164,5.76686035296826,3.92689860565859
gene458,12.3036075115014,14.5567886322701,15.4839317473124,12.9676667367362,11.778529849736
gene459,4.28355053099908,3.42224327411188,4.63538352483817,3.37843012210073,4.46839041559496
gene460,0.126992376061546,0.185182394673428,0.218846794113313,0.246390107459383,0.158115608501421
gene461,1.85848458043917,2.57802941604184,1.78620669100104,1.48499983684979,1.74576959523487
gene462,25.0638991446087,22.3435267769204,15.9007827837187,21.4337196182685,29.0629484229051
gene463,18.7240489858438,17.4507174274607,21.201043711625,19.9243027437425,18.5255178015432
gene464,3.29691745544399,3.95600429405294,5.64624728812348,4.29295916960762,3.49803709218898
gene465,8.82352797519936,6.79365216537224,4.08722441196388,7.26517857400504,10.8969811831596
gene466,13.3293151643062,20.4336063926415,19.0480081085864,12.1730031469122,10.331663733586
gene467,5.72686772816012,6.07470875075775,6.78425061751271,4.79905776871338,3.41139840259916
gene468,3.30180177760021,3.96689737609255,3.13471979377546,3.75800407143005,2.9370515770949
gene469,21.0172382381859,22.6576106423959,25.759309794728,18.6257602855106,15.2029240557737
gene470,8.6916512769816,8.34410084234388,9.56047851997873,9.48490927183732,8.80465682956545
gene471,1.48727609656696,2.00795812263541,1.57778117279789,1.1143048103118,1.26709083525112
gene472,6.65000461568444,5.64987855121283,6.65711105140878,5.57374378225685,4.95140111005821
gene473,7.38509510019454,6.66293518089687,5.01471796796792,5.78461819855091,8.62704751590632
gene474,0.400514416809492,0.557362697693553,0.418935291588342,0.710313823306329,0.567483416813321
gene475,0.249100429966879,0.363102734653781,0.446030608954752,0.597107557716883,0.15378367402193
gene476,2.1637547152025,3.625580805518,4.1351622811506,3.16533597510883,1.62014349532963
gene477,8.39126546437449,10.8513252251282,11.7176826333814,10.428294818416,8.62271558142683
gene478,0.0586118658745599,0.0599119512178738,0.125055310921893,0.108766804193782,0.0411533775551645
gene479,6.83560885762054,7.50714903896691,8.84766324772394,6.62589613302935,5.26546635982131
gene480,5.48997810358377,5.8150902954803,6.41116893992906,5.37618775014978,4.50954379315013
gene481,1.9415180570948,2.0551614781404,3.68913167219585,2.00219708944471,2.69229727900366
gene482,4.72313952505828,4.79477161110317,2.91170448929808,3.6381386137471,4.76079599296061
gene483,0.569023531198852,0.424830199544923,0.350154870581301,0.756928167960807,0.496006497901719
gene484,16.5163353712353,16.6827551436679,18.4185630436128,18.1374195319875,16.7429267632327
gene485,1.39691613667701,1.66119501104105,1.85498711200808,2.00663655084038,1.31257614728577
gene486,0.312596617997653,0.179735853653621,0.337649339489111,0.230851992574557,0.101800460268038
gene487,2.18084984274925,2.39829356238822,1.86540838791824,1.8978697466466,2.30242317584946
gene488,0.517738148558612,0.495635232802411,0.531485071418046,0.537174828875411,0.394206037633681
gene489,1.32365130433381,1.14014258681287,1.57152840725179,1.69587425314386,1.21727358873697
gene490,3.05025918655522,3.37867094595343,3.84545081084821,2.3795513080762,1.74143766075538
gene491,1.33586210972434,1.99888055426906,2.4969377080738,1.50719714382812,1.65263300392582
gene492,7.65129065770817,8.67815535822536,10.9610980023039,8.81677033178981,7.28198186002437
gene493,22.6608126437517,20.2030361561364,17.6598941573533,23.7999525421577,30.4903208338974
gene494,2.35424327929482,1.84456189204121,1.99254795402216,1.27856488195139,1.02233653715988
gene495,3.98316471839196,6.07652426443102,4.91884222959446,5.78683792924875,3.57384594558007
gene496,5.0235253376654,7.16038592737255,9.56673128552483,6.48383336836808,4.08068227968052
gene497,1.6875333049717,2.4927002733982,3.5870031682763,2.8745512536928,1.86056585894138
gene498,0.402956577887599,0.717127900941217,0.396008484585995,0.612645672601709,0.396372004873426
gene499,6.91620017319806,7.71048657037303,7.05937230154087,6.36618764138297,6.76648165696494
gene500,19.9842041021468,11.9606040794955,4.46447459991159,7.10979742515678,23.3079734669013
gene501,2.1613125541244,2.09873380629885,1.52150628288303,2.29520154155858,2.48869635846758
gene502,11.2485939257593,11.6120254542279,9.11653216620601,16.3283390132542,15.5169893055368
gene503,6.31787070906193,6.67927480395629,7.03644549453852,5.84455092739239,3.7796128333559
gene504,8.07134236314251,12.3945118474068,15.2630006980171,10.5015459314445,6.01489102477325
gene505,2.30784221881079,4.15934182545906,4.58536140046942,4.51493223939085,2.32408284824692
gene506,0.0464010604840266,0.0526498965247982,0.0687804210070412,0,0.056315148233383
gene507,5.28483657302281,5.20689321493521,5.90261067551336,5.29849717572565,3.72329768512251
gene508,0.950000659383491,0.773408824812553,1.57986542797992,0.790224128428291,1.19994585081901
gene509,4.19563273218724,3.96145083507275,7.16566931582448,4.51271250869302,2.65980777040747
gene510,3.69010538901916,5.74065423487627,5.21689072062498,5.03878868407927,2.79842967375119
gene511,15.4246893693217,11.9733126752084,11.8656647513056,13.6247070232945,13.8275348585353
gene512,6.70128999832468,7.99552221707625,9.73347170008735,6.83455081862558,3.96588601597401
gene513,0.261311235357413,0.299559756089369,0.104212759101578,0.0754708437262974,0.166779477460403
gene514,11.8591341952859,6.46141316316403,2.64075131563398,9.462711964859,13.0542845539461
gene515,0.361439839559786,0.339501056901285,0.785764203625895,0.728071668888987,0.179775280898876
gene516,1.01105468633616,1.20368556537728,1.96128412629169,0.759147898658639,0.589143089210776
gene517,0.532391115027252,0.726205469307561,0.825365052084495,0.97446177634837,0.424529578990118
gene518,9.57815574833432,8.93777381350281,11.4446452045353,7.56928167960806,6.82496277243807
gene519,187.802186906402,231.832018508073,300.824718932978,224.186141288967,145.52917287126
gene520,11.7638899132398,12.6305286249318,11.7635362473861,15.2451104327121,13.7517260051442
gene521,3.36041364347477,4.50792045072669,3.79542868647946,3.2319278960438,3.40056856640043
gene523,0.173393436545573,0.442985336277612,0.527316561053983,0.457264523753449,0.645458237444159
gene524,0.346786873091146,0.130716984475361,0.185498711200808,0.186457378617911,0.184107215378367
gene525,9.92005829926926,13.4166460454572,13.4351089033754,11.7135188924609,10.0912413699743
gene526,5.19447661313287,4.7639078786576,5.85675706150866,4.08430448401139,3.14715039935021
gene527,3.33843419377181,6.62117836641169,7.77635608415972,5.01881110779878,4.04602680384459
gene528,0.358997678481679,0.481111123416259,0.777427182897769,0.330739873977009,0.316231217002843
gene529,0.522622470714825,1.21276313374363,1.88625093973856,2.05547062619269,0.881548666576418
gene530,11.8908822893013,12.389065306387,14.9857947588069,12.5215008664719,10.0674157303371
gene531,7.12622602591524,7.0641637026893,8.49750837714264,5.29627744502781,4.08068227968052
gene532,1.62647927801904,3.19893509229981,3.06177086240435,3.14313866813051,2.04900500879924
gene533,13.1754590163854,11.4849394970991,8.98313983455599,12.1996399152862,12.9546500609178
gene534,11.1142750664634,10.1832161933653,10.4921405863468,10.2640347467765,8.80249086232571
gene535,13.5613204667263,16.4394763114499,16.9929324991033,13.9665455507607,9.47177473940707
gene536,1.24061782767818,1.44514888392205,1.65698286971508,1.02773531309634,0.927033978611074
gene537,3.62660920098839,2.42007972646745,3.14722532486764,3.0188337490519,2.44970894815216
gene538,0.996401719867518,0.64632286768373,0.956673128552483,0.261928222344209,0.517666170299174
gene539,4.25912892021802,5.2486500294204,5.46700134246876,4.72136719428926,3.98754568837146
gene540,0.405398738965706,0.379442357713201,0.0166740414562524,0.392892333516313,0.034655475835928
gene541,0.263753396435519,0.219677154465537,0.462704650411005,0.692555977723671,0.638960335724922
gene542,3.10642889135167,2.37469188463573,5.13352051334371,3.62482022956011,2.15513740354677
gene543,10.3596472933285,9.95809249787993,10.5379942003515,9.94439352628861,9.76418031677271
gene544,2.99653164283687,2.4055556170813,3.20141595960046,3.22970816534596,3.1991336131041
gene545,1.42622206961429,1.32350946781303,2.26350112768627,1.64704017779155,1.24543116285366
gene546,5.17249716342991,6.06926220973794,4.954274567689,4.78573938452639,4.68065520509002
gene548,4.66941198133994,3.66007556531011,2.27600665877846,3.24302654953296,3.60200351969677
gene549,1.3553993983492,0.234201263851688,0.385587208675837,1.06103127356383,0.818735616623798
gene550,5.46799865388081,6.4105787803125,5.9651383309743,5.14533575757522,4.33410044673074
gene551,2.27609412479541,2.22945079077421,2.24682708623001,2.0354930499122,1.72194395559767
gene552,67.6551883467888,63.4630959627878,65.7624195034596,72.1567857944339,79.3112224177609
gene553,11.0214729454954,12.2547172945651,15.8174125764375,11.3339449431316,7.63936645458238
gene554,21.1002717148416,23.0080047813368,24.8026366661755,24.920916544563,20.7196426154054
gene555,4.51311367234111,5.35576533614326,5.27316561053983,3.68031349700592,3.64099093001218
gene556,17.7496267156792,11.2471072059009,15.3484551604804,17.0031371453952,17.8259103831055
gene557,0.630077558151519,0.423014685871654,1.34434459241035,1.14760077077929,0.290239610125897
gene558,4.75000329691746,4.14300220239964,3.72247975510835,6.28183787486535,4.34276431568972
gene559,1.93419157386047,2.1078113746652,1.94252582965341,1.91562759222926,1.55299851089752
gene560,0.737532645588212,1.59765203247663,2.40314622488238,1.69809398384169,1.55733044537701
gene561,3.20167317339783,3.29697283065633,4.81046096012882,3.864551144926,2.5038581291458
gene562,2.54473184338714,2.1078113746652,2.98673767585122,2.3728921159827,1.74793556247462
gene563,2.87930791108775,3.01919923864619,2.16762538931281,2.71473064344888,2.79409773927169
gene564,2.81336956197887,2.91208393192332,4.17059461924514,2.91894586764945,1.71977798835793
gene565,36.9865295279254,36.5717074343288,26.7889318546515,38.4035608031962,46.2607283064844
gene566,7.65129065770817,9.61677592730538,7.95560202981444,8.53708426386294,8.97793420874509
gene567,28.5708424527698,26.2577742564881,15.3338653742061,24.8632035464193,32.3595505617978
gene568,25.7306091189318,24.3115435987439,30.584360541131,28.4325305085337,20.0785163124408
gene569,45.0529875689117,37.0128772569331,24.7546987969887,34.2526643982499,50.8244212806281
gene570,1.80964135887704,1.85000843306101,1.68199393189946,1.63594152430239,1.88439149857858
gene571,0.849872055181118,1.19279248333767,1.04212759101578,1.53161418150427,1.46852578854745
gene572,16.8606800832484,18.9866419950462,19.3919102136216,18.3394150254903,16.3422228238798
gene573,0.605655947370452,0.615459135238158,0.625276554609466,0.339618796768338,0.591309056450521
gene574,0.100128604202373,0.303190783435907,0.358491891309427,0.266367683739873,0.290239610125897
gene575,0.527506792871039,0.677186600129301,1.06505439801812,0.839058203780601,0.641126302964668
gene576,12.82134566006,10.8077528969698,15.3547079260264,12.7412542055573,12.1943955597672
gene577,4.33483591363932,4.72578209151895,1.42146203414552,5.1164792585034,6.80546906728036
gene578,1.86581106367349,2.56350530665569,1.98629518847607,4.00883364028509,2.43887911195343
gene579,4.11259925553162,5.00537119720237,5.10850945115934,6.06652399717562,4.35359415188845
gene580,1.7583559762368,2.36561431626938,2.73037428846133,2.21973069783228,1.68728847976174
gene581,1.16246867317877,1.39068347372398,0.625276554609466,1.28522407404489,0.95302558548802
gene582,10.3303413603912,7.82123290444243,3.57241338200208,10.2795728616613,14.2152429944497
gene583,0.00732648323431998,0,0.12088680055783,0.0177578455826582,0.0108298361987275
gene584,3.25295855603807,3.00285961558677,3.81418698311774,3.04990997882155,2.30458914308921
gene585,12.7456386666387,12.6868095488031,14.0395429061645,10.7257387319256,9.85515094084202
gene586,4.69627575319911,4.99447811516275,7.28864037156434,5.2607617538625,2.70312711520238
gene587,1.11362545161664,1.34166460454572,0.93999908709623,1.06769046565733,1.40787870583457
gene588,2.63264964219898,3.03190783435907,4.14349930187873,2.56378895599628,2.00785163124408
gene589,2.71568311885461,2.51267092380416,1.81955477391355,1.71141236802869,2.03817517260051
gene590,4.0320079399541,3.71090994816164,4.16017334333498,3.94446145004796,3.77744686611615
gene591,2.10758501040605,2.41644869912091,3.24518531842313,2.32405804063039,1.2757547042101
gene592,11.1557918047912,9.51692267527559,7.46997057240108,9.24073889507577,10.5829159333965
gene593,18.775334368484,18.0752541310652,17.0825554719306,18.8965674306462,18.3262488154867
gene594,0.241773946732559,0.196075476713042,0.0833702072812621,0.375134487933655,0.498172465141465
gene595,4.53509312204407,4.3027674056473,5.39822092146172,4.65699500405212,2.31975091376743
gene596,4.35437320226418,5.03986595699448,5.6212362259391,4.68807123382177,4.94923514281846
gene597,5.33367979458495,6.33795823338174,6.12145746962667,4.69473042591527,4.27561933125761
gene598,3.85861450340852,2.68696023643798,4.14975206742482,2.98775751928225,1.50534723162312
gene599,15.1218613956364,12.9718451955063,13.4642884759238,16.8299981509643,18.3370786516854
gene600,1.85604241936106,1.87542562448678,2.43441005261285,1.93338543781191,1.923378908894
gene601,1.01838116957048,1.27085957128823,1.03587482546968,0.870134433550253,0.64979017192365
gene602,16.142684726285,18.7669648405807,18.3518668777878,18.992015850653,17.1111411939894
gene603,4.85013190111983,3.26792461188403,3.18891042850828,3.42948392815087,3.27710843373494
gene604,1.87313754690781,3.10089735394329,2.64700408118007,2.41728672993935,1.37538919723839
gene605,1.55809876783205,1.26359751659516,2.08842369239562,1.47390118336063,2.2374441586571
gene606,9.4951222716787,8.33865430132407,3.78292315538727,8.58813806991308,10.8536618383647
gene607,8.40836059192124,9.94356838849378,10.7380826978266,8.79901248620715,6.77081359144443
gene608,0.166066953311253,0.0653584922376805,0.208425518203155,0.135403572567769,0.106132394747529
gene609,8.94319386802659,10.6389101253558,11.8135583717548,9.70022314952705,4.11533775551645
gene610,7.14576331454009,5.72794563916339,5.65041579848754,7.46051487541429,8.72018410721538
gene611,0.227120980263919,0.159765203247663,0.368913167219585,0.166479802337421,0.179775280898876
gene612,0.317480940153866,0.110746334069403,0.179245945654714,0.215313877689731,0.08663868958982
gene613,1.15758435102256,1.06025998518904,0.848291859086842,1.68921506105036,0.838229321781508
gene614,12.5453814582339,14.1555601104776,11.5551107291829,14.4748638805643,19.8965750643022
gene615,8.23740931645377,9.23551805591891,11.4842460529939,8.54374345595644,6.34844997969406
gene617,7.90527540983126,8.29326645949235,5.86092557187273,7.43831756843596,8.97143630702586
gene618,0.0366324161715999,0.038125787138647,0.0708646761890728,0.241950646063718,0.145119805062948
gene619,103.789403658455,92.1155327543176,70.7291996022408,102.469428204031,108.122918640856
gene620,8.42789788054609,6.52495614172844,4.37902013744829,7.13421446283294,7.73900094761067
gene621,6.85758830732351,5.4410944787869,7.40952717212217,6.43055983162011,4.70881277920671
gene622,3.34576067700612,3.49849484838918,3.74332230692867,3.70916999607774,3.22729118722079
gene623,1.00372820310184,1.15648220987229,1.34434459241035,1.44948414568448,0.727764992554488
gene624,0.532391115027252,0.159765203247663,0.133392331650019,0.0599327288414715,0.0584811154731285
gene625,6.93329530074481,8.62005892068075,7.67422758024018,4.85455103615919,5.54054419926899
gene626,17.6177500174615,13.5346544342197,15.8757717215343,17.0741685277259,19.8077704074726
gene627,2.07095259423445,1.95167719876407,2.49276919770974,2.04437197270353,1.3710572627589
gene628,2.68881934699543,4.59506510704359,3.77250187947711,3.17199516720233,2.25260592933532
gene629,14.7555372339204,16.3559626824795,10.8527167328383,12.0442587664379,19.9312305401381
gene630,3.47519521414578,3.70546340714183,2.9262942755723,3.55822830862514,4.44239880871802
gene631,2.01966721159421,2.39466253504168,1.69241520780962,1.44060522289315,2.44970894815216
gene632,0.01465296646864,0.0490188691782604,0.0125055310921893,0.0377354218631487,0.034655475835928
gene633,17.3759760707289,15.197664958934,10.7964418429234,15.6180251899479,19.1211587924733
gene634,12.3988517935475,12.6977026308427,16.9929324991033,13.0453573111603,7.52023825639637
gene635,29.811460280448,29.4948351359266,22.264013854461,33.8619917954314,53.7138215784486
gene636,0.830334766556265,0.922280946020603,0.694056975616507,0.364035834444494,0.667117909841614
gene637,25.0199402452027,23.6851913814661,18.762465148648,23.888741770071,25.6103966427508
gene638,0.415167383278132,0.294113215069562,0.869134410907158,0.543834020968908,0.348720725599025
gene639,0.0708226712650932,0.0580964375446049,0.341817849853175,0.0688116516328006,0.082306755110329
gene640,0.188046403014213,0,0.166740414562524,0.0954484200067879,0.121294165425748
gene641,4.5814941825281,4.86194561701412,6.99476039089789,5.17197252594921,2.62731826181129
gene642,0.656941330010692,0.39759749444589,0.79201696917199,0.657040286558354,0.539325842696629
gene643,8.56954322307628,8.60190378394806,7.83471522925661,7.7779363652043,7.64153242182212
gene644,4.05154522857895,3.54932923124071,2.6553411019082,3.149797860224,6.36794368485177
gene645,4.2908770142334,4.84197496660816,6.50079191275641,3.41172608256821,2.91105997021795
gene646,11.0947377778386,11.8589353137925,14.002026312888,11.5181825910517,8.59022607283065
gene647,0.693573746182292,0.482926637089528,0.583591450968835,0.368475295840158,0.506836334100447
gene648,5.86118658745599,5.66803368794552,4.8021239394007,4.75244342405891,4.89725192906457
gene649,2.43727675595045,2.04245288242752,2.09050794757765,2.97887859649092,2.06200081223772
gene650,30.7297128458161,31.5863068875324,23.7605090751597,29.2915662885947,34.0793285501557
gene651,0.776607222837918,0.361287220980512,0.696141230798539,1.04771288937684,0.41369974279139
gene652,1.71195491575277,1.26722854394169,1.58194968316195,1.34293707218853,1.04832814403682
gene653,1.50681338519181,1.56678830003106,1.42979905487364,1.86679351687695,1.47935562474618
gene654,0.13187669821776,0.344947597921092,0.143813607560177,0.150941687452595,0.0996344930282929
gene655,3.42390983150554,2.29480928301189,2.94296831702855,3.06988755510204,2.34357655340463
gene656,2.66928205837058,2.80315311152719,3.02633852430981,2.71695037414671,2.24827399485583
gene657,0.544601920417785,0.123454929782285,0.316806787668796,0.290784721416028,0.192771084337349
gene658,2.40797082301317,2.93387009600255,2.77831215764806,2.07100874107752,1.90821713821578
gene659,29.1618454336716,31.3938624381659,40.2407147994832,36.02400949512,31.2007580885339
gene660,2.53740536015282,2.08239418323943,2.3447870797855,1.94448409130108,1.95803438472993
gene661,0.312596617997653,0.176104826307084,0.216762538931281,0.421748832588133,0.160281575741167
gene662,84.6208813563958,100.365226885652,102.622472397688,85.4862686349167,67.4525517801543
gene663,5.96864167489268,7.00788277881796,6.21524895281809,6.00215180693848,9.34831460674157
gene664,30.3926946170374,33.4835186760984,33.8503884113744,30.5989876696179,27.5251116826858
gene665,0.481105732387012,0.108930820396134,0.156319138652366,0.293004452113861,0.498172465141465
gene666,8.26427308831294,7.56342996283825,8.78721984744503,7.40280187727065,6.33762014349533
gene667,0.136761020373973,0.0798826016238317,0.125055310921893,0.190896840013576,0.0584811154731285
gene668,25.2153131314513,23.5181641235254,26.3241429490585,23.5069480900438,22.5260592933532
gene669,0.1098972485148,0.455693931990495,0.571085919876645,0.57491025073856,0.0844727223500745
gene670,2.2003871313741,1.5413711086053,1.78412243581901,2.59042572437027,1.77825910383105
gene671,0.0170951275467466,0,0,0.0133183841869937,0.0411533775551645
gene672,2.25411467509245,2.95202523273524,2.90545172375198,2.65257818390957,2.33058074996616
gene673,3.71941132195644,3.08455773088387,3.31188148424814,2.54825084111146,1.70245025043996
gene674,0.659383491088798,1.01124111601078,0.804522500264179,0.92562770099606,0.441857316908082
gene675,1.9781504732664,1.92807552101158,1.91334625710497,1.29410299683622,0.937863814809801
gene676,16.6994974520934,14.5186628451314,15.4297411125796,14.9188100201307,14.9386760525247
gene677,0.258869074279306,0.0889601699901763,0.18758296638284,0.14650222605693,0.190605117097604
gene678,20.8096545465469,20.909270975038,24.4358077541379,21.5269483075774,19.3160958440504
gene679,4.00514416809492,4.28642778258788,4.2539648265264,3.24968574162645,2.48219845674834
gene680,2.98432083744634,4.91459551353892,4.5978669315616,3.36067227651807,2.83091918234737
gene681,0.363882000637893,0.237832291198226,0.756584631077454,0.250829568855047,0.372546365236226
gene682,7.18239573071169,1.90628935693235,2.23849006550189,2.29298181086074,8.70935427101665
gene683,1.43354855284861,1.19823902435748,2.26975389323236,1.55603121918043,1.15446053878435
gene684,3.41169902611501,3.25521601617114,3.20766872514656,3.26966331790694,2.43887911195343
gene685,1.7583559762368,3.40408813737919,2.1405300719464,1.65147963918721,2.24610802761608
gene686,12.616204129499,11.4758619287327,13.1224706260707,11.9687879227116,9.95261946663056
gene687,0.166066953311253,0.141610066514974,0.0812859520992306,0.586008904227721,0.186273182618113
gene688,1.00861252525805,0.510159342188562,0.983768445918893,0.694775708421503,0.545823744415866
gene689,8.28136821585968,7.90474653341281,8.88934835136457,7.94885562893739,6.10152971436307
gene690,1.38470533128648,1.53955559493203,1.51108500697288,0.561591866551566,0.58697712197103
gene691,8.44987733024905,9.36986606774081,13.2933795509972,7.47161352890345,6.28780289698118
gene692,6.91864233427617,4.58780305235052,6.99476039089789,4.24856455565098,3.60633545417626
gene693,10.4060483538125,12.7104112265556,13.1995880678058,11.4249539017427,14.3950182753486
gene694,5.99550544675185,5.45743410184632,4.90633669850227,5.18307117943837,6.88127792067145
gene695,7.90283324875316,10.0470526678701,13.4413616689215,9.67136665045524,6.44808447272235
gene696,7.73920845652001,8.0390945452347,11.1987030930555,9.52486442439831,6.43725463652362
gene697,9.63676761420888,8.80161028800764,12.3408749328088,12.9476891604557,9.03858129145797
gene698,3.69987403333159,5.03805044332121,4.97720137469135,4.36843001333392,5.40625423040477
gene699,2.79627443443213,3.22072125637903,4.03928654277715,3.90894575888264,2.20062271558143
gene700,8.23740931645377,6.95704839596644,4.69999543548115,6.29071679765667,8.33031000406119
gene701,3.90989988604876,5.6280923871336,5.37737836964141,4.48829547101687,3.29010423717341
gene702,1.8682532247516,1.65756398369451,1.37977693050489,2.0354930499122,1.48585352646541
gene703,7.60000527506793,9.42070045059234,8.09316287182852,5.83567200460106,5.46256937863815
gene704,10.0275133867059,9.08664593471086,8.43081221131763,10.4460526639987,10.1713821578449
gene705,1.36028372050541,0.902310295614645,0.942083342278262,0.912309316809066,0.833897387302017
gene706,13.1998806271665,13.5963818991108,13.0620272257917,12.5436981734502,12.3698389061865
gene707,10.1642744070799,10.9330233404253,14.7544424336014,10.6813441179689,6.72749424664952
gene708,6.1224978228134,6.63025593477803,6.16522682844933,8.57259995502826,6.15351292811696
gene709,27.5378083167307,32.4178121498895,34.1817849853175,27.9730462540824,28.1575741166915
gene710,1.13072057916338,1.35800422760514,1.28181693694941,1.37401330195818,1.22377149045621
gene711,1.40424261991133,2.28391620097228,3.04092831058404,2.23304908201927,1.53133883850007
gene712,1.10385680730421,0.902310295614645,0.812859520992306,1.3407173414907,1.33423581968323
gene713,60.790273556231,61.5077877366772,42.8502022873867,63.670755336621,106.424800324895
gene714,4.62301092085591,4.56057034725149,3.92465250776541,4.77464073103723,5.72248544740761
gene715,1.97082399003208,2.0315598003879,1.84248158091589,1.5338339122021,1.54433464193854
gene716,3.53624924109844,5.7914886177278,6.14021576626495,3.95556010353712,4.03952890212536
gene717,3.16015643507002,2.36742982994265,3.69330018255991,3.0809862085912,1.68079057804251
gene718,4.45938612862276,3.62921183286454,4.1018141982381,6.01325046042764,3.72329768512251
gene719,5.0210831765873,4.81474226150913,7.13648974327603,6.20636703113905,6.08420197644511
gene720,0.759512095291171,0.958591219485981,1.29640672322363,0.745829514471645,0.883714633816164
gene721,2.57892209848063,3.3042348853494,3.65578358928334,3.9955152560981,2.93921754433464
gene722,0.297943651529013,0.424830199544923,0.279290194392228,0.490560484220933,0.699607418437796
gene723,2.20771361460842,2.20766462669499,1.91126200192293,2.11984281642982,2.37173412752132
gene724,0,0,0.00416851036406311,0.119865457682943,0.0909706240693109
gene725,0.0952442820461598,0,0.118802545375799,0.0133183841869937,0.04331934479491
gene726,2.74010472963567,2.21129565404152,3.11387724195514,2.91672613695161,2.0230134019223
gene727,0.825450444400051,1.03665830743654,1.9946322092042,2.50607595785264,0.641126302964668
gene728,17.9132515079124,17.601405062342,11.5050886048142,14.3261419238095,23.4184377961283
gene729,0.844987733024905,1.2436268661892,1.00252674255718,1.51829579731728,0.582645187491539
gene730,8.42789788054609,9.48061240181021,10.6922290838219,8.44163584385615,6.50656558819548
gene731,0.288175007216586,0.435723281584537,0.0396008484585995,0.679237593536677,0.838229321781508
gene732,6.30810206474951,5.84050748690606,2.39480920415425,7.57594087170156,8.85230810883985
gene733,0.0659383491088798,0.123454929782285,0.170908924926587,0.188677109315744,0.073642886151347
gene734,0.573907853355065,0.682633141149108,0.531485071418046,0.463923715846946,0.279409773927169
gene735,3.94164798006415,3.99413008119159,4.12890951560451,4.22636724867266,2.9608772167321
gene736,5.28972089517903,4.69491835907338,7.52832971749797,6.69692751535998,3.57601191281982
gene737,0.556812725808319,1.39431450107052,1.11924503275094,0.978901237744034,0.660620008122377
gene738,1.02326549172669,0.602750539525276,0.266784663300039,0.426188293983797,1.06998781643428
gene739,0.793702350384665,0.074436060604025,0.625276554609466,0.0976681507046202,0.069310951671856
gene740,8.38638114221827,8.47663334049251,6.1297944903548,9.82896753000133,11.5944226343577
gene741,2.15887039304629,2.06787007385328,2.97840065512309,3.13647947603701,1.90605117097604
gene742,7.28008217383596,8.82884299310668,5.01054945760385,6.80347458885593,9.0017598483823
gene743,1.53123499597288,1.62488473757567,2.5698866394449,2.00441682014255,1.60931365913091
gene744,9.03843815007275,9.42251596426561,12.4075710986338,8.78569410202016,7.03506159469338
gene745,6.54987601148206,8.05543416829412,6.91347443879866,5.78461819855091,4.38391769324489
gene746,2.52763671584039,2.32022647443766,3.69538443774194,3.04325078672805,2.98686882360904
gene747,11.3926814293676,11.112759194079,16.8011810223563,13.7090567898121,7.11736834980371
gene748,8.1397228733295,10.1087801327613,10.3003891095999,9.57591823044844,7.83430350615947
gene749,0.871851504884078,0.660846977069881,0.425188057134437,1.0521523507725,0.916204142412346
gene750,1.80719919779893,1.87542562448678,1.68407818708149,2.21751096713445,1.79558684174902
gene751,4.56928337713756,3.77989946774586,4.30190269571312,3.5826453463013,2.64897793420875
gene752,6.40334634679567,7.71411759771957,7.82846246371051,6.84121001071908,4.05252470556383
gene753,0.0195372886248533,0.0907756836634452,0.0521063795507888,0.0488340753523101,0
gene754,4.59614714899674,4.62048229846936,4.66456309738661,3.96665875702628,2.44321104643292
gene755,5.91735629225244,4.90007140415277,6.66961658250097,4.92780214918766,4.40774333288209
gene756,1.6118263115504,1.08386166294154,0.677382934160255,1.03883396658551,1.66562880736429
gene757,0.490874376699439,0.439354308931075,0.831617817630589,0.561591866551566,0.394206037633681
gene758,2.09537420501551,1.60854511451625,1.87999817419246,1.89343028525093,1.53567077297956
gene759,1.36028372050541,0.97674635621867,1.29015395767753,0.65260082516269,0.983349126844457
gene760,3.82442424831503,4.4080671986969,2.93671555148246,3.55600857792731,4.00270745904968
gene761,2.35424327929482,3.15354725046808,4.38527290299439,2.83681583182965,1.77176120211182
gene762,9.52442820461598,8.72172768638381,8.91644366873098,6.9322189693302,6.87261405171247
gene763,2.67172421944869,2.65972753133894,2.72620577809727,2.461681343896,1.64830106944632
gene764,1.67776466065928,2.78681348846777,2.58864493608319,1.76468590477666,2.13347773114932
gene765,3.1528299518357,2.96110280110158,3.24935382878719,3.5005153104815,2.14647353458779
gene766,137.488784375249,104.628052990487,13.8623812156919,115.037543415158,188.08393123054
gene767,30.0214861331652,31.3412125416411,37.7979677261422,31.5135167171248,25.5042642480032
gene768,2.03676233914095,1.74470864001142,2.05299135430108,2.15091904619948,2.65764180316773
gene769,5.27751008978849,7.32922869898656,7.67422758024018,4.30405782309679,4.29294706917558
gene770,0.532391115027252,0.261433968950722,0.243857856297692,0.235291453970221,0.619466630567213
gene771,9.11414514349406,9.51873818894886,10.8256214154719,10.1486087504892,10.0760795992961
gene772,8.61105996140409,9.04670463389894,9.9418972182905,9.30067162391724,7.08271287396778
gene773,0.576350014433172,0.326792461188403,0.441862098590689,0.483901292127436,0.686611614999323
gene774,6.21041562162524,6.20905676257965,5.89010514442117,4.71026854080009,5.15283606335454
gene775,105.132592251414,89.1362748164834,88.8913992584637,98.4938905242138,113.249763097333
gene776,5.94177790303351,4.69673387274665,3.49529594026691,5.70470789342895,5.6033572492216
gene777,27.79667739101,26.5246547664587,17.6703154332635,27.5890328433574,33.4685257885475
gene778,1.76812462054922,0.815165639297737,1.42979905487364,1.40065007033217,1.66996074184378
gene779,6.54010736716964,6.01479679953988,7.87431607771521,7.34286914842917,4.41424123460133
gene780,0.0903599598899465,0.0816981152971006,0.0250110621843786,0.0843497665176265,0.201434953296331
gene781,47.807745265016,43.1293428221761,25.0673370742935,41.2825515182847,63.2245837281711
gene782,11.7614477521617,10.4210484845635,11.3925388249845,9.65804826626824,9.01475565182077
gene783,0.15385614792072,0.33042348853494,0.150066373106272,0.639282440975696,0.171111411939894
gene784,0.0219794497029599,0.00726205469307561,0,0.0288564990718196,0.0368214430756735
gene785,0.229563141342026,0.0853291426436385,0.275121684028165,0.235291453970221,0.0541491809936375
gene786,0,0.0290482187723024,0,0.159820610243924,0.0411533775551645
gene787,0.393187933575172,0.363102734653781,0.302217001394575,0.270807145135538,0.15378367402193
gene788,13.2853562649002,15.7332414925483,17.5806924604362,11.2451557152183,10.3749830783809
gene789,1.16735299533498,0.846029371743309,1.60904500052836,1.58266798755441,0.942195749289292
gene790,3.5924189458949,3.61468772347839,4.95635882287103,3.5005153104815,1.81941248138622
gene791,0.339460389856826,0.277773592010142,0.421019546770374,0.475022369336107,0.30323541356437
gene792,0.13187669821776,0.188813422019966,0.206341263021124,0.115425996287278,0.034655475835928
gene793,6.33985015876489,5.32490160369769,11.5717847706392,6.68360913117299,6.16434276431569
gene794,16.6433277472969,14.7510485953098,5.8859366340571,14.0397966637892,23.8018139975633
gene795,5.23843551253879,5.53550118979689,4.95635882287103,5.83567200460106,5.47989711655611
gene796,1.00128604202373,1.46693504800127,0.52314805068992,0.597107557716883,0.4331934479491
gene797,4.23959163159316,6.53948025111459,5.96722258615634,5.14089629617956,5.15500203059429
gene798,0.0317480940153866,0.363102734653781,0.502305498869604,0.0932286893089557,0.119128198186002
gene799,1.33341994864624,1.23454929782285,1.13800332938923,0.907869855413402,0.794909976986598
gene800,3.87326746987716,2.55624325196262,3.72873252065445,2.78132256438384,2.77460403411398
